{"in_size": [40, 30, 3], "filts": 64, "kerns": 3, "pad": 0, "out_size": 64, "activ": "relu", "dense_sz": 46, "beta_2": 0.9981620088081459, "beta_1": 0.8742972982745607, "l2": 0.0005, "lr": 0.0011328188523447252, "grey_scaled": 0, "square_in": 0}