{"in_size": [40, 30, 3], "filts": 41, "kerns": 3, "pad": 0, "out_size": 64, "activ": "relu", "dense_sz": 65, "beta_2": 0.9982520682225243, "beta_1": 0.85, "l2": 0.0005, "lr": 0.002672904300224548, "grey_scaled": 0, "square_in": 0}