{"in_size": [40, 30, 3], "filts": 16, "kerns": 3, "pad": 0, "out_size": 64, "activ": "tanh", "dense_sz": 150, "beta_2": 0.995299575767149, "beta_1": 0.85, "l2": 0.0005, "lr": 0.002247481171310398, "grey_scaled": 0, "square_in": 0}