{"in_size": [40, 30, 3], "filts": 63, "kerns": 3, "pad": 0, "out_size": 6, "activ": "relu", "dense_sz": 150, "beta_2": 0.9950279303784489, "beta_1": 0.95, "l2": 0.0005, "lr": 0.0016858192231864084, "grey_scaled": 0, "square_in": 0}