{"model_configs": {"57": [0.002247481171310398, 0.85, 0.995299575767149, 0.0005, 16, 3, 150, 1, 0, 0, 0], "82": [0.000427854583387502, 0.85, 0.9910710977279384, 0.0005, 29, 2, 150, 1, 0, 0, 0]}, "loss_histories": {"57": [0.18918596846716745, 0.24027246023927415, 0.17882857578141348, 0.18309351163251059, 0.18427338344710215], "82": [0.2277180062873023, 0.231573224067688, 0.21930249567542756, 0.23266207426786423, 0.26787810240473064]}, "acc_histories": {"57": [0.9360473509455753, 0.9102064385736971, 0.9503392522015303, 0.9411000433087917, 0.9382127905298109], "82": [0.9373466146961167, 0.9296953948318175, 0.9514941533131226, 0.9244983398296521, 0.920600548578028]}, "final_ranks": [57, 82], "final_scores": {"57": 0.19513077991349354, "82": 0.23582678054060255}}