{"model_configs": {"40": [0.0011328188523447252, 0.8742972982745607, 0.9981620088081459, 0.0005, 64, 3, 46, 0, 0, 0, 0]}, "loss_histories": {"40": [0.17071328684687614, 0.14560535550117493, 0.15863823238760233, 0.16496408078819513, 0.1357841333374381]}, "acc_histories": {"40": [0.989442347059254, 0.9912780527867577, 0.990702103330207, 0.9910308461130402, 0.9920887888213734]}, "final_ranks": [40], "final_scores": {"40": 0.15514101777225733}}