{"model_configs": {"74": [0.0012784087404633239, 0.9101234051200673, 0.995761276344972, 0.0005, 49, 2, 137, 1, 1, 0, 0], "82": [0.005308407686767151, 0.95, 0.9941045422964998, 0.0005, 64, 4, 131, 2, 1, 0, 0], "83": [0.0005364068082921608, 0.8982247057595235, 0.99, 0.0029064514501222745, 39, 2, 150, 0, 1, 0, 0], "91": [0.0017078514217867369, 0.9167668312049678, 0.9960107633320693, 0.0005, 60, 2, 150, 2, 1, 0, 0], "94": [0.0009342623332233106, 0.95, 0.9959132284630992, 0.0005, 55, 2, 150, 2, 0, 0, 0]}, "loss_histories": {"74": [0.46189761587551664, 0.41752112337521147, 0.4570460191794804, 0.5061075346810477, 0.47543971453394207, 0.4876840923513685], "82": [0.43826985359191895, 0.3116382232734135, 0.4278011790343693, 4.337401458195278, 0.36247231917721884, 0.4320544387613024], "83": [0.5543707438877651, 0.4388645589351654, 0.5196141345160348, 0.46921113559177946, 0.4074828752449581, 0.5272071191242763], "91": [0.4156369226319449, 0.33282517961093355, 0.5456993409565517, 0.6080352791718074, 0.48303726741245817, 0.49305147358349394], "94": [0.496321724993842, 0.3893660626241139, 0.5277293920516968, 0.4708285076277597, 0.5020217980657306, 0.5004362080778394]}, "acc_histories": {"74": [0.8654540204994947, 0.8758481305038256, 0.870073624945864, 0.8658871084163419, 0.8690630864732207, 0.8526057456330302], "82": [0.8621336798036668, 0.8901400317597805, 0.8764255810596218, 0.014724989172802079, 0.8770030316154179, 0.8674750974447812], "83": [0.8433665367402916, 0.8696405370290169, 0.8567922621625523, 0.866320196333189, 0.8690630864732207, 0.855348635773062], "91": [0.8785910206438574, 0.8852317020355132, 0.8537606467446225, 0.8580915259130937, 0.8608344160531255, 0.8536162841056735], "94": [0.862855492998412, 0.870073624945864, 0.8578028006351957, 0.8804677349501949, 0.8644434820268515, 0.8487079543814061]}, "final_ranks": [74, 91, 94, 83, 82], "final_scores": {"74": 0.4676160166660945, "82": 1.051606245338917, "83": 0.4861250945499965, "91": 0.47971424389453166, "94": 0.4811172822401637}}