{"model_configs": {"64": [0.002672904300224548, 0.85, 0.9982520682225243, 0.0005, 41, 3, 65, 0, 0, 0, 0], "78": [0.001887758899872246, 0.85, 0.9928131912231701, 0.0005, 24, 2, 115, 0, 0, 0, 0], "82": [0.002039613705364195, 0.8602171145889801, 0.9949715364221351, 0.0005, 27, 3, 46, 0, 0, 0, 0], "93": [0.0025985211249304383, 0.85, 0.99, 0.0005, 29, 2, 76, 0, 0, 0, 0]}, "loss_histories": {"64": [0.11735102930106223, 0.11398868555469173, 0.13991917024499603, 0.12582921582673276, 0.12461252138018608], "78": [0.1115339641193194, 0.13000129768624902, 0.14324319854910886, 0.1383932408477579, 0.12984775020075695], "82": [0.13646842652399624, 0.1286752483408366, 0.13630554033443332, 4.228814772197178, 0.11445887459974204], "93": [0.11592872427510363, 0.13063296037060873, 0.14680291778807128, 0.11850342939474753, 0.13295100749071156]}, "acc_histories": {"64": [0.9650642413743323, 0.9628988017900967, 0.9644867908185362, 0.9669409556806698, 0.9644867908185362], "78": [0.9679514941533132, 0.9628988017900967, 0.963620614984842, 0.9626100765121987, 0.9615995380395553], "82": [0.9618882633174535, 0.9623213512343005, 0.9634762523458928, 0.014724989172802079, 0.9667965930417208], "93": [0.9685289447091093, 0.9659304172080265, 0.9649198787353833, 0.9663635051248737, 0.9581348347047784]}, "final_ranks": [64, 93, 78, 82], "final_scores": {"64": 0.12434012446153378, "78": 0.13060389028063843, "82": 0.9489445723992371, "93": 0.12896380786384856}}