{"model_configs": {"86": [0.0007330259760884246, 0.8535952361012422, 0.9918056446493629, 0.0005, 35, 5, 77, 1, 1, 0, 0], "90": [0.0006635820295677741, 0.85, 0.9999, 0.0005, 34, 5, 98, 2, 1, 0, 0]}, "loss_histories": {"86": [0.007994652792279209, 0.008318581551845585, 0.010241389806781496, 0.00818044416207288, 0.010078254355383771], "90": [0.009201188505228077, 0.008415474173878985, 0.010475579965194421, 0.007325244867908103, 0.009165078983642161]}, "acc_histories": {"86": [0.9911938790241086, 0.9923487801357008, 0.9910495163851595, 0.99249314277465, 0.9906164284683124], "90": [0.9888840768009239, 0.989028439439873, 0.9897502526346181, 0.9911938790241086, 0.9885953515230258]}, "final_ranks": [90, 86], "final_scores": {"86": 0.00896266453367259, "90": 0.008916513299170349}}