{"model_configs": {"54": [0.0006905246895851634, 0.8702337788234192, 0.9999, 0.0005, 24, 5, 115, 1, 1, 0, 1]}, "loss_histories": {"54": [0.01733345165848732, 0.017378010787069798, 0.02071899059228599, 0.017983104567974806, 0.019943995866924524]}, "acc_histories": {"54": [0.9966539534775436, 0.9960873580679279, 0.9955239846078118, 0.996563167255348, 0.9953392941477757]}, "final_ranks": [54], "final_scores": {"54": 0.018671510694548487}}