{"model_configs": {"61": [0.0016232464988381937, 0.95, 0.99, 0.0005, 64, 5, 150, 2, 0, 1, 0], "78": [0.0026940916092301082, 0.95, 0.9907565468835747, 0.0005, 47, 5, 150, 2, 0, 1, 0], "85": [0.0004430617558360346, 0.910548969117121, 0.99, 0.0005, 64, 5, 144, 2, 0, 1, 0], "94": [0.005990701105958136, 0.95, 0.99, 0.0005, 53, 4, 150, 2, 0, 1, 0]}, "loss_histories": {"61": [0.012737205850758724, 0.011027665575966239, 0.01581034017726779, 0.012259140544171845, 0.012411307809608323], "78": [0.013601793508444513, 0.6962590558188302, 0.6938812817846026, 0.02534994509603296, 0.012406377155067665], "85": [0.015411439484783582, 0.011201146956799286, 0.014162043708243541, 0.013156440142276031, 0.013382116931357555], "94": [0.012059699877032213, 0.01267901242577604, 0.6930506995746067, 0.014177767493362938, 0.014523532108536788]}, "acc_histories": {"61": [0.9831095712429623, 0.9823877580482171, 0.9803666811029306, 0.9857080987440451, 0.9857080987440451], "78": [0.9845531976324527, 0.0, 0.0, 0.9693951205428035, 0.9848419229103508], "85": [0.9807997690197777, 0.9844088349935037, 0.9806554063808286, 0.9818103074924209, 0.9835426591598094], "94": [0.9833982965208604, 0.9795005052692364, 0.0, 0.9813772195755739, 0.9815215822145229]}, "final_ranks": [61, 85, 94, 78], "final_scores": {"61": 0.012849131991554583, "78": 0.2882996906725956, "85": 0.013462637444692, "94": 0.14929814229586294}}