{"model_configs": {"54": [0.0016858192231864084, 0.95, 0.9950279303784489, 0.0005, 63, 3, 150, 0, 0, 0, 0], "83": [0.0031314993367312317, 0.95, 0.9971227230283023, 0.0005, 64, 3, 150, 0, 0, 0, 0], "85": [0.0001, 0.95, 0.9935512571774363, 0.0005, 64, 3, 150, 0, 0, 0, 0], "93": [0.0005002678765296312, 0.95, 0.9983679516626708, 0.0005, 64, 4, 141, 0, 0, 0, 0]}, "loss_histories": {"54": [0.011974896886385977, 0.011165699855025326, 0.014244047030972849, 0.012158027184861047, 0.013068031843951238], "83": [0.011837957518374813, 0.7061565688678196, 0.015301812847610563, 0.7053118816443852, 0.014037775832028794], "85": [0.011176941862296579, 0.011326673681781228, 0.016165248667156056, 0.01268138236732089, 0.012888089028170466], "93": [0.010362632514443249, 0.013010289137517768, 0.015502279464271851, 0.01481165805099798, 0.013212652199269672]}, "acc_histories": {"54": [0.9820990327703191, 0.9841201097156056, 0.9822433954092681, 0.9836870217987584, 0.9838313844377076], "83": [0.9816659448534719, 0.012126461671719359, 0.9803666811029306, 0.013858813339107838, 0.9812328569366248], "85": [0.9841201097156056, 0.9848419229103508, 0.9828208459650642, 0.9844088349935037, 0.9844088349935037], "93": [0.9835426591598094, 0.9818103074924209, 0.9813772195755739, 0.9839757470766566, 0.9836870217987584]}, "final_ranks": [54, 85, 93, 83], "final_scores": {"54": 0.012522140560239287, "83": 0.2905291993420438, "85": 0.012847667121345044, "93": 0.013379902273300104}}