{"in_size": [32, 32, 3], "filts": 24, "kerns": 5, "pad": 1, "out_size": 6, "activ": "tanh", "dense_sz": 115, "beta_2": 0.9999, "beta_1": 0.8702337788234192, "l2": 0.0005, "lr": 0.0006905246895851634, "grey_scaled": 0, "square_in": 1}